1|4|1|4/15/2024 12:00:00 AM-4/18/2024 12:00:00 AM|4|Vikendica Zlatibor|Zlatibor|Srbija
2|4|1|4/25/2024 12:00:00 AM-4/26/2024 12:00:00 AM|2|Vikendica Zlatibor|Zlatibor|Srbija
3|4|1|4/22/2024 12:00:00 AM-4/23/2024 12:00:00 AM|2|Vikendica Zlatibor|Zlatibor|Srbija
4|4|1|4/10/2024 12:00:00 AM-4/12/2024 12:00:00 AM|2|Vikendica Zlatibor|Zlatibor|Srbija
5|4|3|4/24/2024 12:00:00 AM-4/26/2024 12:00:00 AM|2|Vila Jugovic|Tara|Srbija
6|4|3|4/28/2024 12:00:00 AM-4/30/2024 12:00:00 AM|2|Vila Jugovic|Tara|Srbija
7|4|1|4/19/2024 12:00:00 AM-4/20/2024 12:00:00 AM|3|Vikendica Zlatibor|Zlatibor|Srbija
8|4|2|4/16/2024 12:00:00 AM-4/18/2024 12:00:00 AM|2|Vila Maric|Krusevac|Srbija
9|4|3|4/7/2024 12:00:00 AM-4/11/2024 12:00:00 AM|2|Vila Jugovic|Tara|Srbija
10|4|4|4/7/2024 12:00:00 AM-4/13/2024 12:00:00 AM|3|Hotel Moskva|Novi Sad|Srbija
11|4|6|4/9/2024 12:00:00 AM-4/19/2024 12:00:00 AM|4|Kuca prirode|Tara|Srbija
12|4|1|4/28/2024 12:00:00 AM-4/30/2024 12:00:00 AM|2|Vikendica Zlatibor|Zlatibor|Srbija
13|4|1|4/1/2024 12:00:00 AM-4/3/2024 12:00:00 AM|2|Vikendica Zlatibor|Zlatibor|Srbija
14|4|3|4/14/2024 12:00:00 AM-4/15/2024 12:00:00 AM|3|Vila Jugovic|Tara|Srbija
15|4|3|4/16/2024 12:00:00 AM-4/17/2024 12:00:00 AM|2|Vila Jugovic|Tara|Srbija
16|4|4|4/16/2024 12:00:00 AM-4/17/2024 12:00:00 AM|2|Hotel Moskva|Novi Sad|Srbija
17|4|3|4/18/2024 12:00:00 AM-4/19/2024 12:00:00 AM|2|Vila Jugovic|Tara|Srbija
18|4|3|4/21/2024 12:00:00 AM-4/22/2024 12:00:00 AM|2|Vila Jugovic|Tara|Srbija
19|4|4|4/24/2024 12:00:00 AM-4/25/2024 12:00:00 AM|2|Hotel Moskva|Novi Sad|Srbija
20|4|6|4/24/2024 12:00:00 AM-4/25/2024 12:00:00 AM|2|Kuca prirode|Tara|Srbija
21|4|5|4/24/2024 12:00:00 AM-4/25/2024 12:00:00 AM|2|Vila Lalic|Subotica|Srbija
22|4|9|4/24/2024 12:00:00 AM-4/25/2024 12:00:00 AM|2|Vila Mikic|Beograd|Srbija
23|4|1|5/2/2024 12:00:00 AM-5/4/2024 12:00:00 AM|2|Vikendica Zlatibor|Zlatibor|Srbija
24|4|1|5/7/2024 12:00:00 AM-5/8/2024 12:00:00 AM|2|Vikendica Zlatibor|Zlatibor|Srbija
25|4|1|5/10/2024 12:00:00 AM-5/10/2024 12:00:00 AM|2|Vikendica Zlatibor|Zlatibor|Srbija
